n_seq	file_name
50208	CTD-petB-128_GATAGA-JRF3L_L001_R1.fastq.gz
55441	CTD-petB-128-1_GTGACG-JRF3L_L001_R1.fastq.gz
48371	CTD-petB-129_AATGAA-JRF3L_L001_R1.fastq.gz
54145	CTD-petB-130_TATCAT-JRF3L_L001_R1.fastq.gz
48870	CTD-petB-131_TGCCAG-JRF3L_L001_R1.fastq.gz
45591	CTD-petB-132_CACTGT-JRF3L_L001_R1.fastq.gz
51488	CTD-petB-133_GTGCCA-JRF3L_L001_R1.fastq.gz
47107	CTD-petB-134_CTAGTC-JRF3L_L001_R1.fastq.gz
46624	CTD-petB-135_GGCTTG-JRF3L_L001_R1.fastq.gz
50013	CTD-petB-136_CCGTCA-JRF3L_L001_R1.fastq.gz
54634	CTD-petB-137_TCCTTA-JRF3L_L001_R1.fastq.gz
56019	CTD-petB-138_TGACCT-JRF3L_L001_R1.fastq.gz
36184	CTD-petB-139_GAGTTG-JRF3L_L001_R1.fastq.gz
57899	CTD-petB-140_CATCCT-JRF3L_L001_R1.fastq.gz
41106	CTD-petB-141_GTCGGC-JRF3L_L001_R1.fastq.gz
41980	CTD-petB-142_TGTAAA-JRF3L_L001_R1.fastq.gz
44302	CTD-petB-143_CAGCGT-JRF3L_L001_R1.fastq.gz
48313	CTD-petB-144_GGATCA-JRF3L_L001_R1.fastq.gz
41549	CTD-petB-145_CCCCAT-JRF3L_L001_R1.fastq.gz
46659	CTD-petB-146_TTGTGA-JRF3L_L001_R1.fastq.gz
44821	CTD-petB-147_AGATAG-JRF3L_L001_R1.fastq.gz
46111	CTD-petB-148_CCTGCT-JRF3L_L001_R1.fastq.gz
54787	CTD-petB-149_TTACTC-JRF3L_L001_R1.fastq.gz
46610	CTD-petB-150_ATTAGG-JRF3L_L001_R1.fastq.gz
40280	CTD-petB-151_GCCTAA-JRF3L_L001_R1.fastq.gz
42597	CTD-petB-152_AAAGCG-JRF3L_L001_R1.fastq.gz
38105	CTD-petB-153_TTGCTA-JRF3L_L001_R1.fastq.gz
45475	CTD-petB-154_TCTTCT-JRF3L_L001_R1.fastq.gz
40622	CTD-petB-155_CCTCCC-JRF3L_L001_R1.fastq.gz
47236	CTD-petB-156_GCACGT-JRF3L_L001_R1.fastq.gz
49856	CTD-petB-157_AGGGCA-JRF3L_L001_R1.fastq.gz
49875	CTD-petB-158_TCCAGA-JRF3L_L001_R1.fastq.gz
44506	CTD-petB-159_GATCTG-JRF3L_L001_R1.fastq.gz
50731	CTD-petB-160_CGCGCC-JRF3L_L001_R1.fastq.gz
41423	CTD-petB-161_GCCGCG-JRF3L_L001_R1.fastq.gz
43323	CTD-petB-162_TAGGAA-JRF3L_L001_R1.fastq.gz
40415	CTD-petB-163_TATCGA-JRF3L_L001_R1.fastq.gz
52331	CTD-petB-164_CGCACA-JRF3L_L001_R1.fastq.gz
39130	CTD-petB-165_TCGAGG-JRF3L_L001_R1.fastq.gz
49213	CTD-petB-166_AATTCT-JRF3L_L001_R1.fastq.gz
47648	CTD-petB-167_CGATAC-JRF3L_L001_R1.fastq.gz
36868	CTD-petB-168_CACCGG-JRF3L_L001_R1.fastq.gz
36230	CTD-petB-169_GGAAGA-JRF3L_L001_R1.fastq.gz
48297	CTD-petB-170_TGGTCA-JRF3L_L001_R1.fastq.gz
45559	CTD-petB-171_TCATGT-JRF3L_L001_R1.fastq.gz
38008	CTD-petB-172_TCTCTC-JRF3L_L001_R1.fastq.gz
38161	CTD-petB-173_GTAGTT-JRF3L_L001_R1.fastq.gz
44199	CTD-petB-174_CTAGGA-JRF3L_L001_R1.fastq.gz
43050	CTD-petB-175_AAATGT-JRF3L_L001_R1.fastq.gz
55397	CTD-petB-176_CAGTTC-JRF3L_L001_R1.fastq.gz
49586	CTD-petB-177_ATGTCA-JRF3L_L001_R1.fastq.gz
46019	CTD-petB-178_GCAGCT-JRF3L_L001_R1.fastq.gz
48070	CTD-petB-179_CTTGGG-JRF3L_L001_R1.fastq.gz
43083	CTD-petB-180_CGTCGC-JRF3L_L001_R1.fastq.gz
48387	CTD-petB-181_CGTTGG-JRF3L_L001_R1.fastq.gz
45252	CTD-petB-182_ACCAGG-JRF3L_L001_R1.fastq.gz
48432	CTD-petB-183_TGTGCC-JRF3L_L001_R1.fastq.gz
45545	CTD-petB-184_GGACTT-JRF3L_L001_R1.fastq.gz
48101	CTD-petB-185_CAGAAA-JRF3L_L001_R1.fastq.gz
49189	CTD-petB-186_GAACAC-JRF3L_L001_R1.fastq.gz
54883	CTD-petB-213_CGGCAT-JRF3L_L001_R1.fastq.gz
56017	CTD-petB-214_GGTTAT-JRF3L_L001_R1.fastq.gz
50691	CTD-petB-216_TCTGAT-JRF3L_L001_R1.fastq.gz
53311	CTD-petB-217_CTCATA-JRF3L_L001_R1.fastq.gz
61796	CTD-petB-219_CTACTA-JRF3L_L001_R1.fastq.gz
57460	CTD-petB-220_TGCGCT-JRF3L_L001_R1.fastq.gz
51957	CTD-petB-221_TGCAGT-JRF3L_L001_R1.fastq.gz
54036	CTD-petB-222_AGTAAG-JRF3L_L001_R1.fastq.gz
40340	CTD-petB-223_TACGGC-JRF3L_L001_R1.fastq.gz
51441	CTD-petB-224_ACGATC-JRF3L_L001_R1.fastq.gz
34945	CTD-petB-neg2_GGTCCG-JRF3L_L001_R1.fastq.gz
50208	CTD-petB-128_GATAGA-JRF3L_L001_R2.fastq.gz
55441	CTD-petB-128-1_GTGACG-JRF3L_L001_R2.fastq.gz
48371	CTD-petB-129_AATGAA-JRF3L_L001_R2.fastq.gz
54145	CTD-petB-130_TATCAT-JRF3L_L001_R2.fastq.gz
48870	CTD-petB-131_TGCCAG-JRF3L_L001_R2.fastq.gz
45591	CTD-petB-132_CACTGT-JRF3L_L001_R2.fastq.gz
51488	CTD-petB-133_GTGCCA-JRF3L_L001_R2.fastq.gz
47107	CTD-petB-134_CTAGTC-JRF3L_L001_R2.fastq.gz
46624	CTD-petB-135_GGCTTG-JRF3L_L001_R2.fastq.gz
50013	CTD-petB-136_CCGTCA-JRF3L_L001_R2.fastq.gz
54634	CTD-petB-137_TCCTTA-JRF3L_L001_R2.fastq.gz
56019	CTD-petB-138_TGACCT-JRF3L_L001_R2.fastq.gz
36184	CTD-petB-139_GAGTTG-JRF3L_L001_R2.fastq.gz
57899	CTD-petB-140_CATCCT-JRF3L_L001_R2.fastq.gz
41106	CTD-petB-141_GTCGGC-JRF3L_L001_R2.fastq.gz
41980	CTD-petB-142_TGTAAA-JRF3L_L001_R2.fastq.gz
44302	CTD-petB-143_CAGCGT-JRF3L_L001_R2.fastq.gz
48313	CTD-petB-144_GGATCA-JRF3L_L001_R2.fastq.gz
41549	CTD-petB-145_CCCCAT-JRF3L_L001_R2.fastq.gz
46659	CTD-petB-146_TTGTGA-JRF3L_L001_R2.fastq.gz
44821	CTD-petB-147_AGATAG-JRF3L_L001_R2.fastq.gz
46111	CTD-petB-148_CCTGCT-JRF3L_L001_R2.fastq.gz
54787	CTD-petB-149_TTACTC-JRF3L_L001_R2.fastq.gz
46610	CTD-petB-150_ATTAGG-JRF3L_L001_R2.fastq.gz
40280	CTD-petB-151_GCCTAA-JRF3L_L001_R2.fastq.gz
42597	CTD-petB-152_AAAGCG-JRF3L_L001_R2.fastq.gz
38105	CTD-petB-153_TTGCTA-JRF3L_L001_R2.fastq.gz
45475	CTD-petB-154_TCTTCT-JRF3L_L001_R2.fastq.gz
40622	CTD-petB-155_CCTCCC-JRF3L_L001_R2.fastq.gz
47236	CTD-petB-156_GCACGT-JRF3L_L001_R2.fastq.gz
49856	CTD-petB-157_AGGGCA-JRF3L_L001_R2.fastq.gz
49875	CTD-petB-158_TCCAGA-JRF3L_L001_R2.fastq.gz
44506	CTD-petB-159_GATCTG-JRF3L_L001_R2.fastq.gz
50731	CTD-petB-160_CGCGCC-JRF3L_L001_R2.fastq.gz
41423	CTD-petB-161_GCCGCG-JRF3L_L001_R2.fastq.gz
43323	CTD-petB-162_TAGGAA-JRF3L_L001_R2.fastq.gz
40415	CTD-petB-163_TATCGA-JRF3L_L001_R2.fastq.gz
52331	CTD-petB-164_CGCACA-JRF3L_L001_R2.fastq.gz
39130	CTD-petB-165_TCGAGG-JRF3L_L001_R2.fastq.gz
49213	CTD-petB-166_AATTCT-JRF3L_L001_R2.fastq.gz
47648	CTD-petB-167_CGATAC-JRF3L_L001_R2.fastq.gz
36868	CTD-petB-168_CACCGG-JRF3L_L001_R2.fastq.gz
36230	CTD-petB-169_GGAAGA-JRF3L_L001_R2.fastq.gz
48297	CTD-petB-170_TGGTCA-JRF3L_L001_R2.fastq.gz
45559	CTD-petB-171_TCATGT-JRF3L_L001_R2.fastq.gz
38008	CTD-petB-172_TCTCTC-JRF3L_L001_R2.fastq.gz
38161	CTD-petB-173_GTAGTT-JRF3L_L001_R2.fastq.gz
44199	CTD-petB-174_CTAGGA-JRF3L_L001_R2.fastq.gz
43050	CTD-petB-175_AAATGT-JRF3L_L001_R2.fastq.gz
55397	CTD-petB-176_CAGTTC-JRF3L_L001_R2.fastq.gz
49586	CTD-petB-177_ATGTCA-JRF3L_L001_R2.fastq.gz
46019	CTD-petB-178_GCAGCT-JRF3L_L001_R2.fastq.gz
48070	CTD-petB-179_CTTGGG-JRF3L_L001_R2.fastq.gz
43083	CTD-petB-180_CGTCGC-JRF3L_L001_R2.fastq.gz
48387	CTD-petB-181_CGTTGG-JRF3L_L001_R2.fastq.gz
45252	CTD-petB-182_ACCAGG-JRF3L_L001_R2.fastq.gz
48432	CTD-petB-183_TGTGCC-JRF3L_L001_R2.fastq.gz
45545	CTD-petB-184_GGACTT-JRF3L_L001_R2.fastq.gz
48101	CTD-petB-185_CAGAAA-JRF3L_L001_R2.fastq.gz
49189	CTD-petB-186_GAACAC-JRF3L_L001_R2.fastq.gz
54883	CTD-petB-213_CGGCAT-JRF3L_L001_R2.fastq.gz
56017	CTD-petB-214_GGTTAT-JRF3L_L001_R2.fastq.gz
50691	CTD-petB-216_TCTGAT-JRF3L_L001_R2.fastq.gz
53311	CTD-petB-217_CTCATA-JRF3L_L001_R2.fastq.gz
61796	CTD-petB-219_CTACTA-JRF3L_L001_R2.fastq.gz
57460	CTD-petB-220_TGCGCT-JRF3L_L001_R2.fastq.gz
51957	CTD-petB-221_TGCAGT-JRF3L_L001_R2.fastq.gz
54036	CTD-petB-222_AGTAAG-JRF3L_L001_R2.fastq.gz
40340	CTD-petB-223_TACGGC-JRF3L_L001_R2.fastq.gz
51441	CTD-petB-224_ACGATC-JRF3L_L001_R2.fastq.gz
34945	CTD-petB-neg2_GGTCCG-JRF3L_L001_R2.fastq.gz
